Point,Corner,Qcode,Icode,selQ,selI,Pass/Fail,Vout,Iout,Pout_h1,Vout_h1 mag,Vout_h1 phase,Idd_tran,Idd_avg,PDC,Pout_h1_W,PE
1,nom,0,0,0,0,,,,-152.4,7.625e-9,87.12,,7.938e-3,9.526e-3,581.4e-21,6.103e-15
2,nom,0,0,0,1,,,,-158.8,3.616e-9,-28.42,,7.938e-3,9.526e-3,130.8e-21,1.373e-15
3,nom,0,0,1,0,,,,-157,4.448e-9,134.7,,7.938e-3,9.525e-3,197.8e-21,2.077e-15
4,nom,0,0,1,1,,,,-154.3,6.111e-9,-90.94,,7.939e-3,9.527e-3,373.4e-21,3.919e-15
37,nom,32,0,0,0,,,,147.8e-3,321.7e-3,32.55,,23.69e-3,28.42e-3,1.035e-3,3.64
38,nom,32,0,0,1,,,,147.8e-3,321.7e-3,32.55,,23.69e-3,28.43e-3,1.035e-3,3.64
39,nom,32,0,1,0,,,,69.77e-3,318.8e-3,-147.2,,23.63e-3,28.36e-3,1.016e-3,3.583
40,nom,32,0,1,1,,,,69.83e-3,318.8e-3,-147.2,,23.63e-3,28.36e-3,1.016e-3,3.583
73,nom,64,0,0,0,,,,6.171,643.5e-3,34.17,,40.11e-3,48.14e-3,4.141e-3,8.602
74,nom,64,0,0,1,,,,6.17,643.5e-3,34.17,,40.11e-3,48.14e-3,4.14e-3,8.601
75,nom,64,0,1,0,,,,6.093,637.8e-3,-145.6,,39.89e-3,47.87e-3,4.068e-3,8.497
76,nom,64,0,1,1,,,,6.093,637.8e-3,-145.6,,39.89e-3,47.87e-3,4.068e-3,8.497
109,nom,96,0,0,0,,,,9.689,964.9e-3,35.71,,57.6e-3,69.12e-3,9.31e-3,13.47
110,nom,96,0,0,1,,,,9.689,964.8e-3,35.71,,57.6e-3,69.12e-3,9.309e-3,13.47
111,nom,96,0,1,0,,,,9.613,956.5e-3,-144.1,,57.09e-3,68.51e-3,9.148e-3,13.35
112,nom,96,0,1,1,,,,9.613,956.5e-3,-144.1,,57.09e-3,68.51e-3,9.148e-3,13.35
145,nom,128,0,0,0,,,,12.18,1.285,37.16,,76.48e-3,91.78e-3,16.52e-3,18
146,nom,128,0,0,1,,,,12.18,1.285,37.15,,76.47e-3,91.76e-3,16.52e-3,18
147,nom,128,0,1,0,,,,12.11,1.274,-142.7,,75.58e-3,90.69e-3,16.24e-3,17.9
148,nom,128,0,1,1,,,,12.11,1.274,-142.7,,75.58e-3,90.69e-3,16.24e-3,17.9
181,nom,160,0,0,0,,,,14.1,1.604,38.51,,97.06e-3,116.5e-3,25.73e-3,22.09
182,nom,160,0,0,1,,,,14.1,1.604,38.51,,97.06e-3,116.5e-3,25.73e-3,22.09
183,nom,160,0,1,0,,,,14.03,1.591,-141.3,,95.66e-3,114.8e-3,25.3e-3,22.04
184,nom,160,0,1,1,,,,14.03,1.591,-141.3,,95.66e-3,114.8e-3,25.3e-3,22.04
217,nom,192,0,0,0,,,,15.67,1.92,39.74,,119.5e-3,143.4e-3,36.87e-3,25.7
218,nom,192,0,0,1,,,,15.67,1.92,39.73,,119.5e-3,143.4e-3,36.87e-3,25.71
219,nom,192,0,1,0,,,,15.59,1.904,-140.1,,117.5e-3,141e-3,36.26e-3,25.71
220,nom,192,0,1,1,,,,15.59,1.904,-140.1,,117.5e-3,141e-3,36.26e-3,25.72
253,nom,224,0,0,0,,,,16.98,2.233,40.82,,144e-3,172.8e-3,49.84e-3,28.85
254,nom,224,0,0,1,,,,16.98,2.233,40.8,,144e-3,172.8e-3,49.85e-3,28.85
255,nom,224,0,1,0,,,,16.9,2.214,-139,,141.3e-3,169.5e-3,49.01e-3,28.91
256,nom,224,0,1,1,,,,16.9,2.214,-139,,141.3e-3,169.5e-3,49.02e-3,28.92
289,nom,255,0,0,0,,,,18.06,2.531,41.78,,169.8e-3,203.8e-3,64.04e-3,31.42
290,nom,255,0,0,1,,,,18.07,2.531,41.76,,169.8e-3,203.7e-3,64.05e-3,31.44
291,nom,255,0,1,0,,,,17.99,2.509,-138.1,,166.4e-3,199.7e-3,62.95e-3,31.52
292,nom,255,0,1,1,,,,17.99,2.509,-138.1,,166.4e-3,199.7e-3,62.95e-3,31.52
5,nom,0,32,0,0,,,,176.3e-3,322.7e-3,122.8,,23.67e-3,28.41e-3,1.041e-3,3.666
6,nom,0,32,0,1,,,,112.7e-3,320.4e-3,-57.32,,23.62e-3,28.35e-3,1.026e-3,3.621
7,nom,0,32,1,0,,,,176.3e-3,322.7e-3,122.8,,23.67e-3,28.41e-3,1.041e-3,3.666
8,nom,0,32,1,1,,,,113.4e-3,320.4e-3,-57.32,,23.62e-3,28.35e-3,1.026e-3,3.621
41,nom,32,32,0,0,,,,3.097,451.7e-3,77.72,,39.4e-3,47.28e-3,2.04e-3,4.316
42,nom,32,32,0,1,,,,3.094,451.6e-3,-12.3,,39.35e-3,47.22e-3,2.039e-3,4.318
43,nom,32,32,1,0,,,,3.076,450.6e-3,167.4,,39.35e-3,47.22e-3,2.03e-3,4.3
44,nom,32,32,1,1,,,,3.051,449.3e-3,-102.2,,39.33e-3,47.19e-3,2.019e-3,4.278
77,nom,64,32,0,0,,,,7.168,721.8e-3,60.31,,55.84e-3,67.01e-3,5.209e-3,7.774
78,nom,64,32,0,1,,,,6.972,705.7e-3,7.569,,55.69e-3,66.83e-3,4.98e-3,7.451
79,nom,64,32,1,0,,,,6.913,700.9e-3,-172.6,,55.53e-3,66.63e-3,4.912e-3,7.372
80,nom,64,32,1,1,,,,7.112,717.1e-3,-119.5,,55.63e-3,66.76e-3,5.143e-3,7.704
113,nom,96,32,0,0,,,,10.23,1.026,53.6,,73.36e-3,88.04e-3,10.54e-3,11.97
114,nom,96,32,0,1,,,,9.937,992.7e-3,17.32,,73.05e-3,87.66e-3,9.855e-3,11.24
115,nom,96,32,1,0,,,,9.865,984.6e-3,-162.8,,72.6e-3,87.12e-3,9.694e-3,11.13
116,nom,96,32,1,1,,,,10.17,1.019,-126.2,,72.91e-3,87.49e-3,10.39e-3,11.87
149,nom,128,32,0,0,,,,12.55,1.341,50.64,,92.31e-3,110.8e-3,18e-3,16.25
150,nom,128,32,0,1,,,,12.22,1.29,23.25,,91.77e-3,110.1e-3,16.65e-3,15.12
151,nom,128,32,1,0,,,,12.14,1.279,-156.8,,90.92e-3,109.1e-3,16.37e-3,15
152,nom,128,32,1,1,,,,12.49,1.332,-129.2,,91.5e-3,109.8e-3,17.73e-3,16.15
185,nom,160,32,0,0,,,,14.4,1.659,49.27,,113e-3,135.6e-3,27.53e-3,20.31
186,nom,160,32,0,1,,,,14.04,1.592,27.4,,112.2e-3,134.6e-3,25.35e-3,18.83
187,nom,160,32,1,0,,,,13.96,1.578,-152.6,,110.8e-3,133e-3,24.91e-3,18.73
188,nom,160,32,1,1,,,,14.33,1.647,-130.6,,111.7e-3,134e-3,27.12e-3,20.23
221,nom,192,32,0,0,,,,15.92,1.977,48.68,,135.5e-3,162.6e-3,39.07e-3,24.03
222,nom,192,32,0,1,,,,15.55,1.894,30.56,,134.4e-3,161.3e-3,35.87e-3,22.24
223,nom,192,32,1,0,,,,15.47,1.878,-149.5,,132.5e-3,158.9e-3,35.27e-3,22.19
224,nom,192,32,1,1,,,,15.85,1.962,-131.2,,133.6e-3,160.4e-3,38.48e-3,24
257,nom,224,32,0,0,,,,17.2,2.291,48.43,,160.1e-3,192.1e-3,52.5e-3,27.33
258,nom,224,32,0,1,,,,16.83,2.195,33,,158.7e-3,190.4e-3,48.17e-3,25.29
259,nom,224,32,1,0,,,,16.75,2.176,-147,,156e-3,187.2e-3,47.35e-3,25.29
260,nom,224,32,1,1,,,,17.13,2.273,-131.4,,157.5e-3,189e-3,51.68e-3,27.35
293,nom,255,32,0,0,,,,18.27,2.592,48.42,,185.8e-3,223e-3,67.2e-3,30.13
294,nom,255,32,0,1,,,,17.9,2.483,34.96,,184.4e-3,221.3e-3,61.65e-3,27.86
295,nom,255,32,1,0,,,,17.82,2.461,-145,,180.9e-3,217.1e-3,60.56e-3,27.89
296,nom,255,32,1,1,,,,18.2,2.571,-131.4,,182.7e-3,219.2e-3,66.12e-3,30.16
9,nom,0,64,0,0,,,,6.196,645.4e-3,124.4,,40.06e-3,48.08e-3,4.165e-3,8.664
10,nom,0,64,0,1,,,,6.134,640.8e-3,-55.69,,39.87e-3,47.84e-3,4.106e-3,8.584
11,nom,0,64,1,0,,,,6.196,645.4e-3,124.4,,40.06e-3,48.07e-3,4.165e-3,8.664
12,nom,0,64,1,1,,,,6.135,640.8e-3,-55.69,,39.87e-3,47.84e-3,4.106e-3,8.584
45,nom,32,64,0,0,,,,6.973,705.8e-3,97.73,,55.7e-3,66.84e-3,4.981e-3,7.452
46,nom,32,64,0,1,,,,7.157,720.9e-3,-29.59,,55.61e-3,66.74e-3,5.196e-3,7.786
47,nom,32,64,1,0,,,,7.182,722.9e-3,150.2,,55.75e-3,66.91e-3,5.226e-3,7.811
48,nom,32,64,1,1,,,,6.93,702.2e-3,-82.29,,55.52e-3,66.62e-3,4.931e-3,7.402
81,nom,64,64,0,0,,,,9.063,897.8e-3,79.3,,72.1e-3,86.52e-3,8.06e-3,9.316
82,nom,64,64,0,1,,,,9.066,898.1e-3,-10.71,,71.93e-3,86.31e-3,8.066e-3,9.344
83,nom,64,64,1,0,,,,9.048,896.2e-3,169,,71.9e-3,86.28e-3,8.032e-3,9.309
84,nom,64,64,1,1,,,,9.02,893.3e-3,-100.6,,71.82e-3,86.19e-3,7.981e-3,9.26
117,nom,96,64,0,0,,,,11.27,1.157,68.78,,89.62e-3,107.5e-3,13.39e-3,12.45
118,nom,96,64,0,1,,,,11.05,1.128,1.83,,89.21e-3,107.1e-3,12.73e-3,11.89
119,nom,96,64,1,0,,,,11,1.122,-178.4,,88.89e-3,106.7e-3,12.6e-3,11.81
120,nom,96,64,1,1,,,,11.22,1.151,-111.1,,89.13e-3,107e-3,13.24e-3,12.38
153,nom,128,64,0,0,,,,13.21,1.447,62.81,,108.6e-3,130.3e-3,20.94e-3,16.07
154,nom,128,64,0,1,,,,12.83,1.385,10.42,,107.8e-3,129.4e-3,19.19e-3,14.83
155,nom,128,64,1,0,,,,12.77,1.376,-169.8,,107.1e-3,128.5e-3,18.94e-3,14.73
156,nom,128,64,1,1,,,,13.16,1.438,-117,,107.8e-3,129.4e-3,20.69e-3,16
189,nom,160,64,0,0,,,,14.87,1.751,59.3,,129.3e-3,155.2e-3,30.66e-3,19.75
190,nom,160,64,0,1,,,,14.39,1.657,16.64,,128.1e-3,153.7e-3,27.45e-3,17.86
191,nom,160,64,1,0,,,,14.32,1.644,-163.5,,126.9e-3,152.3e-3,27.04e-3,17.76
192,nom,160,64,1,1,,,,14.81,1.74,-120.6,,128.1e-3,153.7e-3,30.26e-3,19.69
225,nom,192,64,0,0,,,,16.28,2.06,57.11,,151.9e-3,182.3e-3,42.43e-3,23.27
226,nom,192,64,0,1,,,,15.73,1.935,21.36,,150.2e-3,180.3e-3,37.44e-3,20.77
227,nom,192,64,1,0,,,,15.67,1.92,-158.8,,148.4e-3,178.1e-3,36.86e-3,20.7
228,nom,192,64,1,1,,,,16.22,2.046,-122.7,,150.1e-3,180.1e-3,41.85e-3,23.24
261,nom,224,64,0,0,,,,17.49,2.37,55.72,,176.5e-3,211.7e-3,56.15e-3,26.52
262,nom,224,64,0,1,,,,16.91,2.216,25.04,,174.4e-3,209.3e-3,49.12e-3,23.47
263,nom,224,64,1,0,,,,16.84,2.198,-155.1,,171.8e-3,206.2e-3,48.31e-3,23.43
264,nom,224,64,1,1,,,,17.43,2.353,-124.1,,174e-3,208.8e-3,55.36e-3,26.51
297,nom,255,64,0,0,,,,18.52,2.668,54.81,,202.3e-3,242.8e-3,71.16e-3,29.31
298,nom,255,64,0,1,,,,17.92,2.489,27.93,,200e-3,240e-3,61.94e-3,25.81
299,nom,255,64,1,0,,,,17.84,2.467,-152.1,,196.7e-3,236.1e-3,60.84e-3,25.77
300,nom,255,64,1,1,,,,18.46,2.648,-125,,199.2e-3,239.1e-3,70.14e-3,29.34
13,nom,0,96,0,0,,,,9.712,967.4e-3,126,,57.49e-3,68.99e-3,9.358e-3,13.56
14,nom,0,96,0,1,,,,9.652,960.7e-3,-54.15,,57.06e-3,68.48e-3,9.23e-3,13.48
15,nom,0,96,1,0,,,,9.712,967.4e-3,126,,57.49e-3,68.98e-3,9.358e-3,13.57
16,nom,0,96,1,1,,,,9.652,960.7e-3,-54.14,,57.06e-3,68.48e-3,9.23e-3,13.48
49,nom,32,96,0,0,,,,9.939,993e-3,107.5,,72.99e-3,87.59e-3,9.86e-3,11.26
50,nom,32,96,0,1,,,,10.21,1.024,-36.25,,72.86e-3,87.44e-3,10.49e-3,12
51,nom,32,96,1,0,,,,10.25,1.029,143.6,,73.23e-3,87.87e-3,10.59e-3,12.05
52,nom,32,96,1,1,,,,9.894,987.9e-3,-72.53,,72.61e-3,87.13e-3,9.759e-3,11.2
85,nom,64,96,0,0,,,,11.04,1.127,91.94,,89.31e-3,107.2e-3,12.71e-3,11.86
86,nom,64,96,0,1,,,,11.27,1.157,-21.13,,89.19e-3,107e-3,13.38e-3,12.51
87,nom,64,96,1,0,,,,11.27,1.158,158.6,,89.38e-3,107.3e-3,13.41e-3,12.5
88,nom,64,96,1,1,,,,11,1.122,-88.06,,88.86e-3,106.6e-3,12.59e-3,11.81
121,nom,96,96,0,0,,,,12.53,1.338,80.77,,106.8e-3,128.1e-3,17.89e-3,13.96
122,nom,96,96,0,1,,,,12.54,1.339,-9.225,,106.4e-3,127.7e-3,17.93e-3,14.04
123,nom,96,96,1,0,,,,12.52,1.336,170.5,,106.3e-3,127.6e-3,17.85e-3,13.99
124,nom,96,96,1,1,,,,12.49,1.332,-99.16,,106.2e-3,127.4e-3,17.73e-3,13.92
157,nom,128,96,0,0,,,,14.05,1.593,73.31,,125.8e-3,150.9e-3,25.39e-3,16.82
158,nom,128,96,0,1,,,,13.83,1.554,-3.842e-3,,125e-3,150e-3,24.14e-3,16.09
159,nom,128,96,1,0,,,,13.79,1.547,179.7,,124.5e-3,149.4e-3,23.94e-3,16.02
160,nom,128,96,1,1,,,,14,1.585,-106.6,,124.9e-3,149.9e-3,25.13e-3,16.77
193,nom,160,96,0,0,,,,15.45,1.874,68.34,,146.5e-3,175.8e-3,35.11e-3,19.97
194,nom,160,96,0,1,,,,15.05,1.789,7.195,,145.2e-3,174.3e-3,32.01e-3,18.36
195,nom,160,96,1,0,,,,15.01,1.779,-173.1,,144.2e-3,173e-3,31.66e-3,18.3
196,nom,160,96,1,1,,,,15.41,1.864,-111.5,,145.2e-3,174.3e-3,34.74e-3,19.93
229,nom,192,96,0,0,,,,16.72,2.167,64.98,,169.2e-3,203e-3,46.97e-3,23.14
230,nom,192,96,0,1,,,,16.18,2.038,12.89,,167.3e-3,200.8e-3,41.52e-3,20.68
231,nom,192,96,1,0,,,,16.13,2.025,-167.4,,165.7e-3,198.8e-3,41e-3,20.63
232,nom,192,96,1,1,,,,16.67,2.155,-114.9,,167.3e-3,200.8e-3,46.42e-3,23.12
265,nom,224,96,0,0,,,,17.84,2.466,62.59,,193.8e-3,232.5e-3,60.81e-3,26.15
266,nom,224,96,0,1,,,,17.21,2.295,17.44,,191.4e-3,229.7e-3,52.65e-3,22.92
267,nom,224,96,1,0,,,,17.15,2.278,-162.8,,189.1e-3,226.9e-3,51.87e-3,22.86
268,nom,224,96,1,1,,,,17.79,2.451,-117.3,,191.3e-3,229.6e-3,60.05e-3,26.16
301,nom,255,96,0,0,,,,18.81,2.757,60.93,,219.6e-3,263.5e-3,76.02e-3,28.85
302,nom,255,96,0,1,,,,18.12,2.546,21.09,,217e-3,260.5e-3,64.82e-3,24.89
303,nom,255,96,1,0,,,,18.04,2.525,-159.1,,214e-3,256.8e-3,63.74e-3,24.82
304,nom,255,96,1,1,,,,18.75,2.739,-118.9,,216.6e-3,259.9e-3,75.01e-3,28.86
17,nom,0,128,0,0,,,,12.2,1.288,127.5,,76.3e-3,91.56e-3,16.59e-3,18.12
18,nom,0,128,0,1,,,,12.14,1.279,-52.68,,75.57e-3,90.69e-3,16.37e-3,18.05
19,nom,0,128,1,0,,,,12.2,1.288,127.5,,76.29e-3,91.55e-3,16.59e-3,18.12
20,nom,0,128,1,1,,,,12.14,1.279,-52.68,,75.57e-3,90.68e-3,16.37e-3,18.05
53,nom,32,128,0,0,,,,12.22,1.291,113.5,,91.64e-3,110e-3,16.66e-3,15.15
54,nom,32,128,0,1,,,,12.53,1.338,-39.19,,91.44e-3,109.7e-3,17.89e-3,16.31
55,nom,32,128,1,0,,,,12.57,1.344,140.7,,92.12e-3,110.5e-3,18.08e-3,16.35
56,nom,32,128,1,1,,,,12.17,1.284,-66.58,,90.98e-3,109.2e-3,16.49e-3,15.1
89,nom,64,128,0,0,,,,12.82,1.384,100.6,,107.8e-3,129.4e-3,19.15e-3,14.79
90,nom,64,128,0,1,,,,13.2,1.446,-27.06,,107.8e-3,129.4e-3,20.9e-3,16.15
91,nom,64,128,1,0,,,,13.22,1.449,152.7,,108.3e-3,130e-3,21.01e-3,16.16
92,nom,64,128,1,1,,,,12.78,1.378,-79.45,,107.1e-3,128.6e-3,18.99e-3,14.77
125,nom,96,128,0,0,,,,13.81,1.551,90.07,,125.3e-3,150.3e-3,24.06e-3,16
126,nom,96,128,0,1,,,,14.05,1.594,-16.61,,125.1e-3,150.1e-3,25.41e-3,16.93
127,nom,96,128,1,0,,,,14.05,1.594,163.1,,125.3e-3,150.4e-3,25.41e-3,16.9
128,nom,96,128,1,1,,,,13.78,1.545,-89.92,,124.4e-3,149.3e-3,23.86e-3,15.98
161,nom,128,128,0,0,,,,14.96,1.77,82.14,,144.2e-3,173.1e-3,31.34e-3,18.11
162,nom,128,128,0,1,,,,14.97,1.773,-7.831,,143.7e-3,172.4e-3,31.44e-3,18.24
163,nom,128,128,1,0,,,,14.96,1.77,171.8,,143.4e-3,172.1e-3,31.31e-3,18.19
164,nom,128,128,1,1,,,,14.93,1.763,-97.79,,143.1e-3,171.8e-3,31.08e-3,18.1
197,nom,160,128,0,0,,,,16.12,2.023,76.38,,165e-3,197.9e-3,40.94e-3,20.68
198,nom,160,128,0,1,,,,15.91,1.975,-522.4e-3,,163.8e-3,196.6e-3,38.99e-3,19.83
199,nom,160,128,1,0,,,,15.88,1.968,179.2,,163.1e-3,195.7e-3,38.74e-3,19.79
200,nom,160,128,1,1,,,,16.08,2.014,-103.5,,163.5e-3,196.2e-3,40.57e-3,20.68
233,nom,192,128,0,0,,,,17.22,2.295,72.16,,187.6e-3,225.1e-3,52.68e-3,23.4
234,nom,192,128,0,1,,,,16.82,2.193,5.552,,185.9e-3,223.1e-3,48.08e-3,21.55
235,nom,192,128,1,0,,,,16.78,2.183,-174.8,,184.5e-3,221.4e-3,47.68e-3,21.53
236,nom,192,128,1,1,,,,17.18,2.284,-107.8,,185.7e-3,222.8e-3,52.19e-3,23.42
269,nom,224,128,0,0,,,,18.23,2.579,69.03,,212.2e-3,254.6e-3,66.5e-3,26.12
270,nom,224,128,0,1,,,,17.68,2.422,10.6,,210.1e-3,252.1e-3,58.65e-3,23.27
271,nom,224,128,1,0,,,,17.64,2.409,-169.7,,208e-3,249.5e-3,58.03e-3,23.26
272,nom,224,128,1,1,,,,18.18,2.565,-110.9,,209.7e-3,251.7e-3,65.82e-3,26.15
305,nom,255,128,0,0,,,,19.12,2.858,66.72,,238e-3,285.6e-3,81.67e-3,28.59
306,nom,255,128,0,1,,,,18.46,2.65,14.74,,235.8e-3,282.9e-3,70.21e-3,24.82
307,nom,255,128,1,0,,,,18.41,2.632,-165.5,,233e-3,279.6e-3,69.28e-3,24.78
308,nom,255,128,1,1,,,,19.07,2.841,-113.2,,234.9e-3,281.9e-3,80.73e-3,28.64
21,nom,0,160,0,0,,,,14.12,1.607,128.9,,96.81e-3,116.2e-3,25.82e-3,22.23
22,nom,0,160,0,1,,,,14.06,1.596,-51.32,,95.7e-3,114.8e-3,25.49e-3,22.19
23,nom,0,160,1,0,,,,14.12,1.607,128.8,,96.81e-3,116.2e-3,25.82e-3,22.23
24,nom,0,160,1,1,,,,14.06,1.596,-51.31,,95.7e-3,114.8e-3,25.49e-3,22.19
57,nom,32,160,0,0,,,,14.04,1.592,117.7,,111.9e-3,134.3e-3,25.34e-3,18.87
58,nom,32,160,0,1,,,,14.37,1.654,-40.54,,111.7e-3,134e-3,27.35e-3,20.41
59,nom,32,160,1,0,,,,14.42,1.663,139.4,,112.7e-3,135.3e-3,27.64e-3,20.44
60,nom,32,160,1,1,,,,13.99,1.584,-62.43,,110.9e-3,133.1e-3,25.09e-3,18.84
93,nom,64,160,0,0,,,,14.37,1.654,106.9,,128e-3,153.6e-3,27.37e-3,17.81
94,nom,64,160,0,1,,,,14.85,1.748,-30.55,,128.1e-3,153.7e-3,30.54e-3,19.87
95,nom,64,160,1,0,,,,14.88,1.754,149.3,,129e-3,154.8e-3,30.77e-3,19.88
96,nom,64,160,1,1,,,,14.34,1.648,-73.23,,127e-3,152.4e-3,27.15e-3,17.81
129,nom,96,160,0,0,,,,15.03,1.785,97.34,,145.4e-3,174.4e-3,31.87e-3,18.27
130,nom,96,160,0,1,,,,15.45,1.873,-21.53,,145.4e-3,174.5e-3,35.08e-3,20.1
131,nom,96,160,1,0,,,,15.47,1.876,158.2,,146e-3,175.2e-3,35.2e-3,20.09
132,nom,96,160,1,1,,,,15,1.778,-82.71,,144.2e-3,173.1e-3,31.63e-3,18.27
165,nom,128,160,0,0,,,,15.89,1.97,89.51,,164.3e-3,197.1e-3,38.82e-3,19.69
166,nom,128,160,0,1,,,,16.13,2.025,-13.55,,164e-3,196.8e-3,41.01e-3,20.84
167,nom,128,160,1,0,,,,16.13,2.025,166.2,,164.2e-3,197e-3,41.01e-3,20.82
168,nom,128,160,1,1,,,,15.86,1.963,-90.47,,162.9e-3,195.5e-3,38.55e-3,19.72
201,nom,160,160,0,0,,,,16.82,2.194,83.39,,184.9e-3,221.9e-3,48.12e-3,21.68
202,nom,160,160,0,1,,,,16.84,2.198,-6.572,,184.2e-3,221e-3,48.31e-3,21.86
203,nom,160,160,1,0,,,,16.83,2.195,173.1,,183.8e-3,220.5e-3,48.17e-3,21.84
204,nom,160,160,1,1,,,,16.79,2.186,-96.57,,183.3e-3,220e-3,47.78e-3,21.72
237,nom,192,160,0,0,,,,17.76,2.443,78.65,,207.6e-3,249.2e-3,59.68e-3,23.95
238,nom,192,160,0,1,,,,17.56,2.388,-545.7e-3,,206.3e-3,247.5e-3,57.04e-3,23.05
239,nom,192,160,1,0,,,,17.54,2.382,179.1,,205.2e-3,246.3e-3,56.76e-3,23.05
240,nom,192,160,1,1,,,,17.72,2.432,-101.3,,205.5e-3,246.6e-3,59.15e-3,23.99
273,nom,224,160,0,0,,,,18.65,2.706,74.98,,232.2e-3,278.7e-3,73.21e-3,26.27
274,nom,224,160,0,1,,,,18.27,2.592,4.657,,230.5e-3,276.6e-3,67.16e-3,24.29
275,nom,224,160,1,0,,,,18.23,2.58,-175.6,,228.8e-3,274.5e-3,66.57e-3,24.25
276,nom,224,160,1,1,,,,18.61,2.695,-104.9,,229.6e-3,275.6e-3,72.62e-3,26.35
309,nom,255,160,0,0,,,,19.45,2.97,72.14,,258e-3,309.6e-3,88.19e-3,28.48
310,nom,255,160,0,1,,,,18.93,2.795,9.009,,256.3e-3,307.6e-3,78.1e-3,25.39
311,nom,255,160,1,0,,,,18.88,2.781,-171.3,,253.8e-3,304.6e-3,77.32e-3,25.38
312,nom,255,160,1,1,,,,19.41,2.956,-107.7,,254.9e-3,305.8e-3,87.38e-3,28.57
25,nom,0,192,0,0,,,,15.68,1.923,130.1,,119.2e-3,143.1e-3,36.97e-3,25.84
26,nom,0,192,0,1,,,,15.62,1.91,-50.09,,117.6e-3,141.2e-3,36.49e-3,25.85
27,nom,0,192,1,0,,,,15.68,1.923,130.1,,119.2e-3,143.1e-3,36.97e-3,25.84
28,nom,0,192,1,1,,,,15.62,1.91,-50.09,,117.6e-3,141.2e-3,36.49e-3,25.85
61,nom,32,192,0,0,,,,15.55,1.894,120.9,,134.1e-3,161e-3,35.86e-3,22.28
62,nom,32,192,0,1,,,,15.88,1.969,-41.14,,133.7e-3,160.4e-3,38.76e-3,24.16
63,nom,32,192,1,0,,,,15.93,1.98,138.9,,135.2e-3,162.2e-3,39.2e-3,24.16
64,nom,32,192,1,1,,,,15.5,1.884,-59.3,,132.7e-3,159.2e-3,35.48e-3,22.29
97,nom,64,192,0,0,,,,15.72,1.932,111.7,,150.1e-3,180.1e-3,37.32e-3,20.72
98,nom,64,192,0,1,,,,16.25,2.054,-32.7,,150.2e-3,180.2e-3,42.21e-3,23.42
99,nom,64,192,1,0,,,,16.29,2.063,147.2,,151.5e-3,181.8e-3,42.57e-3,23.41
100,nom,64,192,1,1,,,,15.68,1.924,-68.5,,148.6e-3,178.4e-3,37.01e-3,20.75
133,nom,96,192,0,0,,,,16.16,2.032,103.1,,167.3e-3,200.8e-3,41.3e-3,20.57
134,nom,96,192,0,1,,,,16.71,2.164,-24.86,,167.5e-3,201.1e-3,46.85e-3,23.3
135,nom,96,192,1,0,,,,16.73,2.171,154.9,,168.6e-3,202.3e-3,47.12e-3,23.29
136,nom,96,192,1,1,,,,16.13,2.026,-77.02,,165.8e-3,199e-3,41.03e-3,20.62
169,nom,128,192,0,0,,,,16.79,2.186,95.65,,186.2e-3,223.5e-3,47.8e-3,21.39
170,nom,128,192,0,1,,,,17.22,2.296,-17.71,,186.2e-3,223.4e-3,52.71e-3,23.59
171,nom,128,192,1,0,,,,17.23,2.299,162,,186.8e-3,224.1e-3,52.86e-3,23.58
172,nom,128,192,1,1,,,,16.77,2.18,-84.41,,184.6e-3,221.5e-3,47.52e-3,21.45
205,nom,160,192,0,0,,,,17.53,2.381,89.5,,206.9e-3,248.3e-3,56.68e-3,22.83
206,nom,160,192,0,1,,,,17.77,2.446,-11.25,,206.4e-3,247.7e-3,59.82e-3,24.15
207,nom,160,192,1,0,,,,17.77,2.447,168.5,,206.4e-3,247.7e-3,59.88e-3,24.17
208,nom,160,192,1,1,,,,17.51,2.374,-90.52,,204.9e-3,245.9e-3,56.34e-3,22.91
241,nom,192,192,0,0,,,,18.32,2.605,84.48,,229.5e-3,275.5e-3,67.86e-3,24.63
242,nom,192,192,0,1,,,,18.34,2.612,-5.47,,228.5e-3,274.2e-3,68.25e-3,24.89
243,nom,192,192,1,0,,,,18.33,2.609,174.2,,227.9e-3,273.5e-3,68.07e-3,24.89
244,nom,192,192,1,1,,,,18.29,2.596,-95.49,,227.2e-3,272.6e-3,67.4e-3,24.72
277,nom,224,192,0,0,,,,19.09,2.849,80.43,,254.3e-3,305.1e-3,81.15e-3,26.6
278,nom,224,192,0,1,,,,18.91,2.789,-346.6e-3,,252.7e-3,303.3e-3,77.8e-3,25.65
279,nom,224,192,1,0,,,,18.89,2.783,179.3,,251.5e-3,301.8e-3,77.45e-3,25.66
280,nom,224,192,1,1,,,,19.06,2.837,-99.53,,251.4e-3,301.6e-3,80.49e-3,26.68
313,nom,255,192,0,0,,,,19.81,3.094,77.24,,280.1e-3,336.1e-3,95.72e-3,28.48
314,nom,255,192,0,1,,,,19.45,2.97,4.036,,278.6e-3,334.4e-3,88.19e-3,26.38
315,nom,255,192,1,0,,,,19.43,2.96,-176.3,,276.7e-3,332.1e-3,87.62e-3,26.39
316,nom,255,192,1,1,,,,19.78,3.082,-102.7,,276.6e-3,332e-3,94.97e-3,28.61
29,nom,0,224,0,0,,,,16.98,2.234,131.2,,143.6e-3,172.3e-3,49.93e-3,28.97
30,nom,0,224,0,1,,,,16.93,2.22,-48.98,,141.5e-3,169.9e-3,49.28e-3,29.01
31,nom,0,224,1,0,,,,16.98,2.234,131.2,,143.6e-3,172.4e-3,49.92e-3,28.96
32,nom,0,224,1,1,,,,16.93,2.22,-48.98,,141.5e-3,169.9e-3,49.28e-3,29.01
65,nom,32,224,0,0,,,,16.82,2.194,123.4,,158.3e-3,190e-3,48.12e-3,25.33
66,nom,32,224,0,1,,,,17.16,2.281,-41.34,,157.7e-3,189.2e-3,52.01e-3,27.49
67,nom,32,224,1,0,,,,17.21,2.294,138.7,,159.6e-3,191.5e-3,52.63e-3,27.48
68,nom,32,224,1,1,,,,16.78,2.181,-56.8,,156.4e-3,187.7e-3,47.59e-3,25.35
101,nom,64,224,0,0,,,,16.89,2.212,115.4,,174.1e-3,209e-3,48.92e-3,23.41
102,nom,64,224,0,1,,,,17.46,2.361,-34.07,,174.2e-3,209.1e-3,55.76e-3,26.67
103,nom,64,224,1,0,,,,17.51,2.373,145.9,,176.1e-3,211.3e-3,56.32e-3,26.65
104,nom,64,224,1,1,,,,16.86,2.202,-64.77,,172.3e-3,206.8e-3,48.49e-3,23.45
137,nom,96,224,0,0,,,,17.19,2.287,107.7,,191.3e-3,229.6e-3,52.32e-3,22.79
138,nom,96,224,0,1,,,,17.82,2.461,-27.2,,191.6e-3,230e-3,60.55e-3,26.33
139,nom,96,224,1,0,,,,17.85,2.47,152.7,,193.2e-3,231.8e-3,61.01e-3,26.32
140,nom,96,224,1,1,,,,17.15,2.278,-72.41,,189.4e-3,227.3e-3,51.91e-3,22.84
173,nom,128,224,0,0,,,,17.65,2.413,100.8,,210.2e-3,252.2e-3,58.23e-3,23.09
174,nom,128,224,0,1,,,,18.22,2.577,-20.77,,210.3e-3,252.3e-3,66.4e-3,26.31
175,nom,128,224,1,0,,,,18.25,2.584,159,,211.4e-3,253.7e-3,66.79e-3,26.33
176,nom,128,224,1,1,,,,17.62,2.405,-79.31,,208.1e-3,249.8e-3,57.85e-3,23.16
209,nom,160,224,0,0,,,,18.23,2.58,94.75,,230.9e-3,277.1e-3,66.59e-3,24.03
210,nom,160,224,0,1,,,,18.65,2.708,-14.86,,230.5e-3,276.6e-3,73.31e-3,26.5
211,nom,160,224,1,0,,,,18.67,2.713,164.9,,231.1e-3,277.3e-3,73.58e-3,26.53
212,nom,160,224,1,1,,,,18.21,2.572,-85.31,,228.7e-3,274.4e-3,66.16e-3,24.11
245,nom,192,224,0,0,,,,18.88,2.78,89.67,,253.7e-3,304.4e-3,77.28e-3,25.39
246,nom,192,224,0,1,,,,19.11,2.853,-9.44,,252.7e-3,303.3e-3,81.4e-3,26.84
247,nom,192,224,1,0,,,,19.11,2.855,170.3,,252.6e-3,303.2e-3,81.51e-3,26.89
248,nom,192,224,1,1,,,,18.85,2.771,-90.35,,251e-3,301.2e-3,76.76e-3,25.48
281,nom,224,224,0,0,,,,19.54,3.001,85.37,,278.3e-3,334e-3,90.04e-3,26.96
282,nom,224,224,0,1,,,,19.57,3.009,-4.517,,277e-3,332.5e-3,90.54e-3,27.23
283,nom,224,224,1,0,,,,19.57,3.008,175.2,,276.2e-3,331.4e-3,90.51e-3,27.31
284,nom,224,224,1,1,,,,19.51,2.989,-94.6,,275.3e-3,330.3e-3,89.33e-3,27.04
317,nom,255,224,0,0,,,,20.18,3.227,81.94,,304.2e-3,365e-3,104.1e-3,28.52
318,nom,255,224,0,1,,,,20.01,3.167,-228.2e-3,,303e-3,363.6e-3,100.3e-3,27.59
319,nom,255,224,1,0,,,,20,3.162,179.4,,301.6e-3,361.9e-3,99.96e-3,27.62
320,nom,255,224,1,1,,,,20.14,3.214,-97.98,,300.7e-3,360.8e-3,103.3e-3,28.63
33,nom,0,255,0,0,,,,18.07,2.532,132.2,,169.3e-3,203.2e-3,64.09e-3,31.54
34,nom,0,255,0,1,,,,18.01,2.514,-47.98,,166.8e-3,200.1e-3,63.21e-3,31.58
35,nom,0,255,1,0,,,,18.07,2.532,132.2,,169.3e-3,203.2e-3,64.09e-3,31.54
36,nom,0,255,1,1,,,,18.01,2.515,-48,,166.8e-3,200.2e-3,63.23e-3,31.59
69,nom,32,255,0,0,,,,17.89,2.48,125.4,,184e-3,220.8e-3,61.51e-3,27.86
70,nom,32,255,0,1,,,,18.23,2.578,-41.3,,183e-3,219.6e-3,66.48e-3,30.27
71,nom,32,255,1,0,,,,18.28,2.594,138.8,,185.5e-3,222.6e-3,67.28e-3,30.23
72,nom,32,255,1,1,,,,17.84,2.466,-54.81,,181.5e-3,217.8e-3,60.8e-3,27.91
105,nom,64,255,0,0,,,,17.9,2.482,118.3,,199.6e-3,239.6e-3,61.62e-3,25.72
106,nom,64,255,0,1,,,,18.49,2.656,-34.91,,199.5e-3,239.4e-3,70.57e-3,29.47
107,nom,64,255,1,0,,,,18.53,2.671,145.1,,201.9e-3,242.2e-3,71.34e-3,29.45
108,nom,64,255,1,1,,,,17.85,2.47,-61.83,,197.4e-3,236.9e-3,60.99e-3,25.74
141,nom,96,255,0,0,,,,18.09,2.537,111.4,,216.8e-3,260.2e-3,64.35e-3,24.73
142,nom,96,255,0,1,,,,18.78,2.748,-28.8,,216.9e-3,260.3e-3,75.53e-3,29.02
143,nom,96,255,1,0,,,,18.82,2.76,151.1,,218.9e-3,262.7e-3,76.18e-3,29
144,nom,96,255,1,1,,,,18.05,2.525,-68.72,,214.7e-3,257.6e-3,63.77e-3,24.76
177,nom,128,255,0,0,,,,18.43,2.639,104.9,,235.7e-3,282.9e-3,69.62e-3,24.61
178,nom,128,255,0,1,,,,19.11,2.853,-23.02,,235.6e-3,282.7e-3,81.38e-3,28.78
179,nom,128,255,1,0,,,,19.14,2.864,156.8,,237.2e-3,284.7e-3,82.02e-3,28.81
180,nom,128,255,1,1,,,,18.39,2.628,-75.15,,233.4e-3,280.1e-3,69.05e-3,24.65
213,nom,160,255,0,0,,,,18.89,2.782,99.14,,256.6e-3,307.9e-3,77.39e-3,25.14
214,nom,160,255,0,1,,,,19.45,2.97,-17.59,,255.9e-3,307e-3,88.19e-3,28.72
215,nom,160,255,1,0,,,,19.48,2.978,162.2,,257e-3,308.4e-3,88.7e-3,28.77
216,nom,160,255,1,1,,,,18.85,2.771,-80.92,,254.1e-3,304.9e-3,76.76e-3,25.18
249,nom,192,255,0,0,,,,19.41,2.955,94.08,,279.4e-3,335.2e-3,87.31e-3,26.04
250,nom,192,255,0,1,,,,19.82,3.098,-12.52,,278.2e-3,333.9e-3,95.97e-3,28.75
251,nom,192,255,1,0,,,,19.84,3.104,167.2,,278.6e-3,334.3e-3,96.33e-3,28.81
252,nom,192,255,1,1,,,,19.38,2.944,-85.95,,276.5e-3,331.8e-3,86.66e-3,26.12
285,nom,224,255,0,0,,,,19.98,3.154,89.72,,304.1e-3,364.9e-3,99.46e-3,27.26
286,nom,224,255,0,1,,,,20.2,3.238,-7.877,,302.6e-3,363.1e-3,104.8e-3,28.87
287,nom,224,255,1,0,,,,20.2,3.238,171.8,,302.2e-3,362.6e-3,104.8e-3,28.91
288,nom,224,255,1,1,,,,19.94,3.141,-90.28,,300.8e-3,360.9e-3,98.65e-3,27.33
321,nom,255,255,0,0,,,,20.53,3.36,86.1,,330e-3,396e-3,112.9e-3,28.51
322,nom,255,255,0,1,,,,20.57,3.376,-3.752,,328.7e-3,394.4e-3,113.9e-3,28.89
323,nom,255,255,1,0,,,,20.56,3.373,175.9,,327.7e-3,393.3e-3,113.8e-3,28.93
324,nom,255,255,1,1,,,,20.49,3.348,-93.86,,326.4e-3,391.7e-3,112.1e-3,28.61

